INSERT INTO KAMAR (NO_KAMAR,LANTAI) VALUES ( 001,1 );
INSERT INTO KAMAR (NO_KAMAR,LANTAI) VALUES ( 002,1 );
INSERT INTO KAMAR (NO_KAMAR,LANTAI) VALUES ( 003,1 );
INSERT INTO KAMAR (NO_KAMAR,LANTAI) VALUES ( 004,1 );
INSERT INTO KAMAR (NO_KAMAR,LANTAI) VALUES ( 005,1 );
INSERT INTO KAMAR (NO_KAMAR,LANTAI) VALUES ( 006,1 );
INSERT INTO KAMAR (NO_KAMAR,LANTAI) VALUES ( 007,1 );
INSERT INTO KAMAR (NO_KAMAR,LANTAI) VALUES ( 008,1 );
INSERT INTO KAMAR (NO_KAMAR,LANTAI) VALUES ( 009,1 );
INSERT INTO KAMAR (NO_KAMAR,LANTAI) VALUES ( 010,1 );
INSERT INTO KAMAR (NO_KAMAR,LANTAI) VALUES ( 011,2 );
INSERT INTO KAMAR (NO_KAMAR,LANTAI) VALUES ( 012,2 );
INSERT INTO KAMAR (NO_KAMAR,LANTAI) VALUES ( 013,2 );
INSERT INTO KAMAR (NO_KAMAR,LANTAI) VALUES ( 014,2 );
INSERT INTO KAMAR (NO_KAMAR,LANTAI) VALUES ( 015,2 );
INSERT INTO KAMAR (NO_KAMAR,LANTAI) VALUES ( 016,2 );
INSERT INTO KAMAR (NO_KAMAR,LANTAI) VALUES ( 017,2 );
INSERT INTO KAMAR (NO_KAMAR,LANTAI) VALUES ( 018,2 );
INSERT INTO KAMAR (NO_KAMAR,LANTAI) VALUES ( 019,2 );
INSERT INTO KAMAR (NO_KAMAR,LANTAI) VALUES ( 020,2 );
INSERT INTO KAMAR (NO_KAMAR,LANTAI) VALUES ( 021,3 );
INSERT INTO KAMAR (NO_KAMAR,LANTAI) VALUES ( 022,3 );
INSERT INTO KAMAR (NO_KAMAR,LANTAI) VALUES ( 023,3 );
INSERT INTO KAMAR (NO_KAMAR,LANTAI) VALUES ( 024,3 );
INSERT INTO KAMAR (NO_KAMAR,LANTAI) VALUES ( 025,3 );
INSERT INTO KAMAR (NO_KAMAR,LANTAI) VALUES ( 026,3 );
INSERT INTO KAMAR (NO_KAMAR,LANTAI) VALUES ( 027,3 );
INSERT INTO KAMAR (NO_KAMAR,LANTAI) VALUES ( 028,3 );
INSERT INTO KAMAR (NO_KAMAR,LANTAI) VALUES ( 029,3 );
INSERT INTO KAMAR (NO_KAMAR,LANTAI) VALUES ( 030,3 );
INSERT INTO KAMAR (NO_KAMAR,LANTAI) VALUES ( 031,4 );
INSERT INTO KAMAR (NO_KAMAR,LANTAI) VALUES ( 032,4 );
INSERT INTO KAMAR (NO_KAMAR,LANTAI) VALUES ( 033,4 );
INSERT INTO KAMAR (NO_KAMAR,LANTAI) VALUES ( 034,4 );
INSERT INTO KAMAR (NO_KAMAR,LANTAI) VALUES ( 035,4 );
INSERT INTO KAMAR (NO_KAMAR,LANTAI) VALUES ( 036,4 );
INSERT INTO KAMAR (NO_KAMAR,LANTAI) VALUES ( 037,4 );
INSERT INTO KAMAR (NO_KAMAR,LANTAI) VALUES ( 038,4 );
INSERT INTO KAMAR (NO_KAMAR,LANTAI) VALUES ( 039,4 );
INSERT INTO KAMAR (NO_KAMAR,LANTAI) VALUES ( 040,4 );

INSERT INTO GEDUNG (NO_GEDUNG,NAMA_GEDUNG,JENIS) VALUES ( 1, 'LAAG','LAKI - LAKI' );
INSERT INTO GEDUNG (NO_GEDUNG,NAMA_GEDUNG,JENIS) VALUES ( 2, 'LARAT','LAKI - LAKI' );
INSERT INTO GEDUNG (NO_GEDUNG,NAMA_GEDUNG,JENIS) VALUES ( 3, 'LETI','LAKI - LAKI' );
INSERT INTO GEDUNG (NO_GEDUNG,NAMA_GEDUNG,JENIS) VALUES ( 4, 'LIKI','LAKI - LAKI' );
INSERT INTO GEDUNG (NO_GEDUNG,NAMA_GEDUNG,JENIS) VALUES ( 5, 'LINGIAN','LAKI - LAKI' );
INSERT INTO GEDUNG (NO_GEDUNG,NAMA_GEDUNG,JENIS) VALUES ( 6, 'LIRAN','LAKI - LAKI' );
INSERT INTO GEDUNG (NO_GEDUNG,NAMA_GEDUNG,JENIS) VALUES ( 7, 'SAMBIT','LAKI - LAKI' );
INSERT INTO GEDUNG (NO_GEDUNG,NAMA_GEDUNG,JENIS) VALUES ( 8, 'SEBETUL','LAKI - LAKI' );
INSERT INTO GEDUNG (NO_GEDUNG,NAMA_GEDUNG,JENIS) VALUES ( 9, 'SEKATUNG','LAKI - LAKI' );
INSERT INTO GEDUNG (NO_GEDUNG,NAMA_GEDUNG,JENIS) VALUES ( 10, 'SEKEL','LAKI - LAKI' );
INSERT INTO GEDUNG (NO_GEDUNG,NAMA_GEDUNG,JENIS) VALUES ( 11, 'GEULIS','PEREMPUAN' );
INSERT INTO GEDUNG (NO_GEDUNG,NAMA_GEDUNG,JENIS) VALUES ( 12, 'GIEFAL','PEREMPUAN' );
INSERT INTO GEDUNG (NO_GEDUNG,NAMA_GEDUNG,JENIS) VALUES ( 13, 'DANA','PEREMPUAN' );
INSERT INTO GEDUNG (NO_GEDUNG,NAMA_GEDUNG,JENIS) VALUES ( 14, 'DONA','PEREMPUAN' );
INSERT INTO GEDUNG (NO_GEDUNG,NAMA_GEDUNG,JENIS) VALUES ( 15, 'ENGGANO','PEREMPUAN' );
INSERT INTO GEDUNG (NO_GEDUNG,NAMA_GEDUNG,JENIS) VALUES ( 16, 'ENU','PEREMPUAN' );
INSERT INTO GEDUNG (NO_GEDUNG,NAMA_GEDUNG,JENIS) VALUES ( 17, 'FANI','PEREMPUAN' );
INSERT INTO GEDUNG (NO_GEDUNG,NAMA_GEDUNG,JENIS) VALUES ( 18, 'FANILDO','PEREMPUAN' );

INSERT INTO STAFF (ID_STAFF,NAMA_STAFF,ID_JABATAN,NO_GEDUNG) VALUES ( 'ST001', 'REYHAN', 'HD', 1 );
INSERT INTO STAFF (ID_STAFF,NAMA_STAFF,ID_JABATAN,NO_GEDUNG) VALUES ( 'ST002', 'RIDHO', 'CS', 1 );
INSERT INTO STAFF (ID_STAFF,NAMA_STAFF,ID_JABATAN,NO_GEDUNG) VALUES ( 'ST003', 'KEMAS', 'HD', 2 );
INSERT INTO STAFF (ID_STAFF,NAMA_STAFF,ID_JABATAN,NO_GEDUNG) VALUES ( 'ST004', 'NADHIF', 'CS', 2 );
INSERT INTO STAFF (ID_STAFF,NAMA_STAFF,ID_JABATAN,NO_GEDUNG) VALUES ( 'ST005', 'AMAR', 'HD', 3 );
INSERT INTO STAFF (ID_STAFF,NAMA_STAFF,ID_JABATAN,NO_GEDUNG) VALUES ( 'ST006', 'FAKHRI', 'CS', 3 );
INSERT INTO STAFF (ID_STAFF,NAMA_STAFF,ID_JABATAN,NO_GEDUNG) VALUES ( 'ST007', 'ALIF', 'HD', 4 );
INSERT INTO STAFF (ID_STAFF,NAMA_STAFF,ID_JABATAN,NO_GEDUNG) VALUES ( 'ST008', 'ANDRE', 'CS', 4 );
INSERT INTO STAFF (ID_STAFF,NAMA_STAFF,ID_JABATAN,NO_GEDUNG) VALUES ( 'ST009', 'ACHDAN', 'HD', 5 );
INSERT INTO STAFF (ID_STAFF,NAMA_STAFF,ID_JABATAN,NO_GEDUNG) VALUES ( 'ST010', 'DEWA', 'CS', 5 );
INSERT INTO STAFF (ID_STAFF,NAMA_STAFF,ID_JABATAN,NO_GEDUNG) VALUES ( 'ST011', 'DZIKRI', 'HD', 6 );
INSERT INTO STAFF (ID_STAFF,NAMA_STAFF,ID_JABATAN,NO_GEDUNG) VALUES ( 'ST012', 'LANA', 'CS', 6 );
INSERT INTO STAFF (ID_STAFF,NAMA_STAFF,ID_JABATAN,NO_GEDUNG) VALUES ( 'ST013', 'ALDIYAN', 'HD', 7 );
INSERT INTO STAFF (ID_STAFF,NAMA_STAFF,ID_JABATAN,NO_GEDUNG) VALUES ( 'ST014', 'ANDIKA', 'CS', 7 );
INSERT INTO STAFF (ID_STAFF,NAMA_STAFF,ID_JABATAN,NO_GEDUNG) VALUES ( 'ST015', 'ANDRIAN', 'HD', 8 );
INSERT INTO STAFF (ID_STAFF,NAMA_STAFF,ID_JABATAN,NO_GEDUNG) VALUES ( 'ST016', 'DANIAR', 'CS', 8 );
INSERT INTO STAFF (ID_STAFF,NAMA_STAFF,ID_JABATAN,NO_GEDUNG) VALUES ( 'ST017', 'DANIEL', 'HD', 9 );
INSERT INTO STAFF (ID_STAFF,NAMA_STAFF,ID_JABATAN,NO_GEDUNG) VALUES ( 'ST018', 'FAJRA', 'CS', 9 );
INSERT INTO STAFF (ID_STAFF,NAMA_STAFF,ID_JABATAN,NO_GEDUNG) VALUES ( 'ST019', 'FAUZAN', 'HD', 10 );
INSERT INTO STAFF (ID_STAFF,NAMA_STAFF,ID_JABATAN,NO_GEDUNG) VALUES ( 'ST020', 'FEBRI', 'CS', 10 );
INSERT INTO STAFF (ID_STAFF,NAMA_STAFF,ID_JABATAN,NO_GEDUNG) VALUES ( 'ST021', 'MAWAR', 'HD', 11 );
INSERT INTO STAFF (ID_STAFF,NAMA_STAFF,ID_JABATAN,NO_GEDUNG) VALUES ( 'ST022', 'SARAH', 'CS', 11 );
INSERT INTO STAFF (ID_STAFF,NAMA_STAFF,ID_JABATAN,NO_GEDUNG) VALUES ( 'ST023', 'GISEL', 'HD', 12 );
INSERT INTO STAFF (ID_STAFF,NAMA_STAFF,ID_JABATAN,NO_GEDUNG) VALUES ( 'ST024', 'FRISKA', 'CS', 12 );
INSERT INTO STAFF (ID_STAFF,NAMA_STAFF,ID_JABATAN,NO_GEDUNG) VALUES ( 'ST025', 'RIDHA', 'HD', 13 );
INSERT INTO STAFF (ID_STAFF,NAMA_STAFF,ID_JABATAN,NO_GEDUNG) VALUES ( 'ST026', 'VIANKA', 'CS', 13 );
INSERT INTO STAFF (ID_STAFF,NAMA_STAFF,ID_JABATAN,NO_GEDUNG) VALUES ( 'ST027', 'NURIL', 'HD', 14 );
INSERT INTO STAFF (ID_STAFF,NAMA_STAFF,ID_JABATAN,NO_GEDUNG) VALUES ( 'ST028', 'NABILLA', 'CS', 14 );
INSERT INTO STAFF (ID_STAFF,NAMA_STAFF,ID_JABATAN,NO_GEDUNG) VALUES ( 'ST029', 'GADIS', 'HD', 15 );
INSERT INTO STAFF (ID_STAFF,NAMA_STAFF,ID_JABATAN,NO_GEDUNG) VALUES ( 'ST030', 'INTAN', 'CS', 15 );
INSERT INTO STAFF (ID_STAFF,NAMA_STAFF,ID_JABATAN,NO_GEDUNG) VALUES ( 'ST031', 'ANIS', 'HD', 16 );
INSERT INTO STAFF (ID_STAFF,NAMA_STAFF,ID_JABATAN,NO_GEDUNG) VALUES ( 'ST032', 'MIRA', 'CS', 16 );
INSERT INTO STAFF (ID_STAFF,NAMA_STAFF,ID_JABATAN,NO_GEDUNG) VALUES ( 'ST033', 'SIFA', 'HD', 17 );
INSERT INTO STAFF (ID_STAFF,NAMA_STAFF,ID_JABATAN,NO_GEDUNG) VALUES ( 'ST034', 'CACA', 'CS', 17 );
INSERT INTO STAFF (ID_STAFF,NAMA_STAFF,ID_JABATAN,NO_GEDUNG) VALUES ( 'ST035', 'RITA', 'HD', 18 );
INSERT INTO STAFF (ID_STAFF,NAMA_STAFF,ID_JABATAN,NO_GEDUNG) VALUES ( 'ST036', 'RARA', 'CS', 18 );
INSERT INTO STAFF (ID_STAFF,NAMA_STAFF,ID_JABATAN,NO_GEDUNG) VALUES ( 'ST037', 'AGIL', 'STM', 1 );
INSERT INTO STAFF (ID_STAFF,NAMA_STAFF,ID_JABATAN,NO_GEDUNG) VALUES ( 'ST038', 'DONI', 'STM', 2 );
INSERT INTO STAFF (ID_STAFF,NAMA_STAFF,ID_JABATAN,NO_GEDUNG) VALUES ( 'ST039', 'DODI', 'STM', 3 );
INSERT INTO STAFF (ID_STAFF,NAMA_STAFF,ID_JABATAN,NO_GEDUNG) VALUES ( 'ST040', 'BUDI', 'STM', 4 );
INSERT INTO STAFF (ID_STAFF,NAMA_STAFF,ID_JABATAN,NO_GEDUNG) VALUES ( 'ST041', 'RERE', 'TK', 1 );
INSERT INTO STAFF (ID_STAFF,NAMA_STAFF,ID_JABATAN,NO_GEDUNG) VALUES ( 'ST042', 'DIMAS', 'TK', 2 );
INSERT INTO STAFF (ID_STAFF,NAMA_STAFF,ID_JABATAN,NO_GEDUNG) VALUES ( 'ST043', 'BOWO', 'TK', 3 );
INSERT INTO STAFF (ID_STAFF,NAMA_STAFF,ID_JABATAN,NO_GEDUNG) VALUES ( 'ST044', 'SUSI', 'TK', 4 );

INSERT INTO PENGHUNI (NIM,NO_KAMAR,NO_GEDUNG) VALUES ('1301180358' ,14 , 1 );
INSERT INTO PENGHUNI (NIM,NO_KAMAR,NO_GEDUNG) VALUES ('1301180359' ,40 , 5 );
INSERT INTO PENGHUNI (NIM,NO_KAMAR,NO_GEDUNG) VALUES ('1301180360' ,34 , 7 );
INSERT INTO PENGHUNI (NIM,NO_KAMAR,NO_GEDUNG) VALUES ('1301180361' ,23 , 10 );
INSERT INTO PENGHUNI (NIM,NO_KAMAR,NO_GEDUNG) VALUES ('1301180362' ,1 , 12 );
INSERT INTO PENGHUNI (NIM,NO_KAMAR,NO_GEDUNG) VALUES ('1301180363' ,15 , 6 );
INSERT INTO PENGHUNI (NIM,NO_KAMAR,NO_GEDUNG) VALUES ('1301180364' ,2 , 14 );
INSERT INTO PENGHUNI (NIM,NO_KAMAR,NO_GEDUNG) VALUES ('1301180365' ,9 , 8 );
INSERT INTO PENGHUNI (NIM,NO_KAMAR,NO_GEDUNG) VALUES ('1301180366' ,11 , 15 );
INSERT INTO PENGHUNI (NIM,NO_KAMAR,NO_GEDUNG) VALUES ('1301184061' ,13 , 13 );
INSERT INTO PENGHUNI (NIM,NO_KAMAR,NO_GEDUNG) VALUES ('1301184062' ,16 , 4 );
INSERT INTO PENGHUNI (NIM,NO_KAMAR,NO_GEDUNG) VALUES ('1301184063' ,23 , 8 );
INSERT INTO PENGHUNI (NIM,NO_KAMAR,NO_GEDUNG) VALUES ('1301184064' ,18 , 1 );
INSERT INTO PENGHUNI (NIM,NO_KAMAR,NO_GEDUNG) VALUES ('1301184065' ,22 , 10 );
INSERT INTO PENGHUNI (NIM,NO_KAMAR,NO_GEDUNG) VALUES ('1301184066' ,2 , 5 );
INSERT INTO PENGHUNI (NIM,NO_KAMAR,NO_GEDUNG) VALUES ('1301184067' ,4 , 16 );
INSERT INTO PENGHUNI (NIM,NO_KAMAR,NO_GEDUNG) VALUES ('1301184068' ,38 , 13 );
INSERT INTO PENGHUNI (NIM,NO_KAMAR,NO_GEDUNG) VALUES ('1301184069' ,16 , 17 );
INSERT INTO PENGHUNI (NIM,NO_KAMAR,NO_GEDUNG) VALUES ('1301184070' ,29 , 9 );
INSERT INTO PENGHUNI (NIM,NO_KAMAR,NO_GEDUNG) VALUES ('1301184071' ,2 , 3 );
INSERT INTO PENGHUNI (NIM,NO_KAMAR,NO_GEDUNG) VALUES ('1202108001' ,31 , 15 );
INSERT INTO PENGHUNI (NIM,NO_KAMAR,NO_GEDUNG) VALUES ('1202108002' ,22 , 11 );
INSERT INTO PENGHUNI (NIM,NO_KAMAR,NO_GEDUNG) VALUES ('1202108003' ,37 , 16 );
INSERT INTO PENGHUNI (NIM,NO_KAMAR,NO_GEDUNG) VALUES ('1202108004' ,13 , 2 );
INSERT INTO PENGHUNI (NIM,NO_KAMAR,NO_GEDUNG) VALUES ('1202108005' ,16 , 4 );
INSERT INTO PENGHUNI (NIM,NO_KAMAR,NO_GEDUNG) VALUES ('1202108006' ,18 , 6 );
INSERT INTO PENGHUNI (NIM,NO_KAMAR,NO_GEDUNG) VALUES ('1202108007' ,19 , 9 );
INSERT INTO PENGHUNI (NIM,NO_KAMAR,NO_GEDUNG) VALUES ('1202108008' ,7 , 1 );
INSERT INTO PENGHUNI (NIM,NO_KAMAR,NO_GEDUNG) VALUES ('1202108009' ,25 , 17 );
INSERT INTO PENGHUNI (NIM,NO_KAMAR,NO_GEDUNG) VALUES ('1202108010' ,27 , 14 );
INSERT INTO PENGHUNI (NIM,NO_KAMAR,NO_GEDUNG) VALUES ('1202108011' ,33 , 18 );
INSERT INTO PENGHUNI (NIM,NO_KAMAR,NO_GEDUNG) VALUES ('1106817181' ,38 , 2 );
INSERT INTO PENGHUNI (NIM,NO_KAMAR,NO_GEDUNG) VALUES ('1106817182' ,21 , 11 );
INSERT INTO PENGHUNI (NIM,NO_KAMAR,NO_GEDUNG) VALUES ('1106817183' ,27 , 6 );
INSERT INTO PENGHUNI (NIM,NO_KAMAR,NO_GEDUNG) VALUES ('1106817184' ,32 , 12 );
INSERT INTO PENGHUNI (NIM,NO_KAMAR,NO_GEDUNG) VALUES ('1106817185' ,4 , 18 );
INSERT INTO PENGHUNI (NIM,NO_KAMAR,NO_GEDUNG) VALUES ('1106817186' ,11 , 3 );
INSERT INTO PENGHUNI (NIM,NO_KAMAR,NO_GEDUNG) VALUES ('1106817187' ,9 , 16 );
INSERT INTO PENGHUNI (NIM,NO_KAMAR,NO_GEDUNG) VALUES ('1106817188' ,3 , 3 );
INSERT INTO PENGHUNI (NIM,NO_KAMAR,NO_GEDUNG) VALUES ('1106817189' ,28 , 7 );

INSERT INTO CHECKIN (NIM,TGL_CHECKIN) VALUES ( '1301180358' , '15-08-2018' );
INSERT INTO CHECKIN (NIM,TGL_CHECKIN) VALUES ( '1301180359' , '14-08-2018' );
INSERT INTO CHECKIN (NIM,TGL_CHECKIN) VALUES ( '1301180360' , '15-08-2018' );
INSERT INTO CHECKIN (NIM,TGL_CHECKIN) VALUES ( '1301180361' , '13-08-2018' );
INSERT INTO CHECKIN (NIM,TGL_CHECKIN) VALUES ( '1301180362' , '13-08-2018' );
INSERT INTO CHECKIN (NIM,TGL_CHECKIN) VALUES ( '1301180363' , '14-08-2018' );
INSERT INTO CHECKIN (NIM,TGL_CHECKIN) VALUES ( '1301180364' , '06-08-2018' );
INSERT INTO CHECKIN (NIM,TGL_CHECKIN) VALUES ( '1301180365' , '15-08-2018' );
INSERT INTO CHECKIN (NIM,TGL_CHECKIN) VALUES ( '1301180366' , '05-08-2018' );
INSERT INTO CHECKIN (NIM,TGL_CHECKIN) VALUES ( '1301184061' , '14-08-2018' );
INSERT INTO CHECKIN (NIM,TGL_CHECKIN) VALUES ( '1301184062' , '06-08-2019' );
INSERT INTO CHECKIN (NIM,TGL_CHECKIN) VALUES ( '1301184063' , '06-08-2019' );
INSERT INTO CHECKIN (NIM,TGL_CHECKIN) VALUES ( '1301184064' , '13-08-2018' );
INSERT INTO CHECKIN (NIM,TGL_CHECKIN) VALUES ( '1301184065' , '05-08-2018' );
INSERT INTO CHECKIN (NIM,TGL_CHECKIN) VALUES ( '1301184066' , '14-08-2018' );
INSERT INTO CHECKIN (NIM,TGL_CHECKIN) VALUES ( '1301184067' , '07-08-2018' );
INSERT INTO CHECKIN (NIM,TGL_CHECKIN) VALUES ( '1301184068' , '15-08-2018' );
INSERT INTO CHECKIN (NIM,TGL_CHECKIN) VALUES ( '1301184069' , '05-08-2018' );
INSERT INTO CHECKIN (NIM,TGL_CHECKIN) VALUES ( '1301184070' , '06-08-2019' );
INSERT INTO CHECKIN (NIM,TGL_CHECKIN) VALUES ( '1301184071' , '13-08-2018' );
INSERT INTO CHECKIN (NIM,TGL_CHECKIN) VALUES ( '1202108001' , '07-08-2018' );
INSERT INTO CHECKIN (NIM,TGL_CHECKIN) VALUES ( '1202108002' , '05-08-2018' );
INSERT INTO CHECKIN (NIM,TGL_CHECKIN) VALUES ( '1202108003' , '14-08-2018' );
INSERT INTO CHECKIN (NIM,TGL_CHECKIN) VALUES ( '1202108004' , '14-08-2018' );
INSERT INTO CHECKIN (NIM,TGL_CHECKIN) VALUES ( '1202108005' , '13-08-2018' );
INSERT INTO CHECKIN (NIM,TGL_CHECKIN) VALUES ( '1202108006' , '06-08-2019' );
INSERT INTO CHECKIN (NIM,TGL_CHECKIN) VALUES ( '1202108007' , '07-08-2018' );
INSERT INTO CHECKIN (NIM,TGL_CHECKIN) VALUES ( '1202108008' , '07-08-2018' );
INSERT INTO CHECKIN (NIM,TGL_CHECKIN) VALUES ( '1202108009' , '05-08-2018' );
INSERT INTO CHECKIN (NIM,TGL_CHECKIN) VALUES ( '1202108010' , '15-08-2018' );
INSERT INTO CHECKIN (NIM,TGL_CHECKIN) VALUES ( '1202108011' , '06-08-2019' );
INSERT INTO CHECKIN (NIM,TGL_CHECKIN) VALUES ( '1106817181' , '13-08-2018' );
INSERT INTO CHECKIN (NIM,TGL_CHECKIN) VALUES ( '1106817182' , '05-08-2018' );
INSERT INTO CHECKIN (NIM,TGL_CHECKIN) VALUES ( '1106817183' , '07-08-2018' );
INSERT INTO CHECKIN (NIM,TGL_CHECKIN) VALUES ( '1106817184' , '13-08-2018' );
INSERT INTO CHECKIN (NIM,TGL_CHECKIN) VALUES ( '1106817185' , '05-08-2018' );
INSERT INTO CHECKIN (NIM,TGL_CHECKIN) VALUES ( '1106817186' , '15-08-2018' );
INSERT INTO CHECKIN (NIM,TGL_CHECKIN) VALUES ( '1106817187' , '06-08-2019' );
INSERT INTO CHECKIN (NIM,TGL_CHECKIN) VALUES ( '1106817188' , '07-08-2018' );
INSERT INTO CHECKIN (NIM,TGL_CHECKIN) VALUES ( '1106817189' , '14-08-2018' );

INSERT INTO FAKULTAS (ID_FAKULTAS,NAMA_FAKULTAS) VALUES ( 'FTE', 'FAKULTAS TEKNIK ELEKTRO' );
INSERT INTO FAKULTAS (ID_FAKULTAS,NAMA_FAKULTAS) VALUES ( 'FIF', 'FAKULTAS INFORMATIKA' );
INSERT INTO FAKULTAS (ID_FAKULTAS,NAMA_FAKULTAS) VALUES ( 'FRI', 'FAKULTAS REKAYASA INDUSTRI' );
INSERT INTO FAKULTAS (ID_FAKULTAS,NAMA_FAKULTAS) VALUES ( 'FEB', 'FAKULTAS EKONOMI DAN BISNIS' );
INSERT INTO FAKULTAS (ID_FAKULTAS,NAMA_FAKULTAS) VALUES ( 'FKB', 'FAKULTAS KOMUNIKASI DAN BISNIS' );
INSERT INTO FAKULTAS (ID_FAKULTAS,NAMA_FAKULTAS) VALUES ( 'FIK', 'FAKULTAS INDUSTRI KREATIF' );
INSERT INTO FAKULTAS (ID_FAKULTAS,NAMA_FAKULTAS) VALUES ( 'FIT', 'FAKULTAS ILMU TERAPAN' );

INSERT INTO JURUSAN (ID_FAKULTAS,ID_JURUSAN,NAMA_JURUSAN) VALUES ( 'FTE', 'TT','S1 TEKNIK TELEKOMUNIKASI' );
INSERT INTO JURUSAN (ID_FAKULTAS,ID_JURUSAN,NAMA_JURUSAN) VALUES ( 'FTE', 'TTINT','S1 TEKNIK TELEKOMUNIKASI INTERNASIONAL' );
INSERT INTO JURUSAN (ID_FAKULTAS,ID_JURUSAN,NAMA_JURUSAN) VALUES ( 'FTE', 'TE','S1 TEKNIK ELEKTRO' );
INSERT INTO JURUSAN (ID_FAKULTAS,ID_JURUSAN,NAMA_JURUSAN) VALUES ( 'FTE', 'TF','S1 TEKNIK FISIKA' );
INSERT INTO JURUSAN (ID_FAKULTAS,ID_JURUSAN,NAMA_JURUSAN) VALUES ( 'FTE', 'TK','S1 TEKNIK KOMPUTER' );
INSERT INTO JURUSAN (ID_FAKULTAS,ID_JURUSAN,NAMA_JURUSAN) VALUES ( 'FTE', 'TEK','S2 TEKNIK ELEKTRO KOMUNIKASI' );
INSERT INTO JURUSAN (ID_FAKULTAS,ID_JURUSAN,NAMA_JURUSAN) VALUES ( 'FIF', 'IF','S1 INFORMATIKA' );
INSERT INTO JURUSAN (ID_FAKULTAS,ID_JURUSAN,NAMA_JURUSAN) VALUES ( 'FIF', 'IFINT','S1 INFORMATIKA INTERNASIONAL' );
INSERT INTO JURUSAN (ID_FAKULTAS,ID_JURUSAN,NAMA_JURUSAN) VALUES ( 'FIF', 'TI','S1 TEKNOLOGI INFORMASI' );
INSERT INTO JURUSAN (ID_FAKULTAS,ID_JURUSAN,NAMA_JURUSAN) VALUES ( 'FIF', 'RPL','S1 REKAYASA PERANGKAT LUNAK' );
INSERT INTO JURUSAN (ID_FAKULTAS,ID_JURUSAN,NAMA_JURUSAN) VALUES ( 'FIF', 'IK','S1 ILMU KOMPUTASI' );
INSERT INTO JURUSAN (ID_FAKULTAS,ID_JURUSAN,NAMA_JURUSAN) VALUES ( 'FIF', 'TINF','S2 TEKNIK INFORMATIKA' );
INSERT INTO JURUSAN (ID_FAKULTAS,ID_JURUSAN,NAMA_JURUSAN) VALUES ( 'FIF', 'TINFINT','S1 TEKNIK INFORMATIKA INTERNASIONAL' );
INSERT INTO JURUSAN (ID_FAKULTAS,ID_JURUSAN,NAMA_JURUSAN) VALUES ( 'FRI', 'TIN','S1 TEKNIK INDUSTRI' );
INSERT INTO JURUSAN (ID_FAKULTAS,ID_JURUSAN,NAMA_JURUSAN) VALUES ( 'FRI', 'TININT','S1 TEKNIK INDUSTRI INTERNASIONAL' );
INSERT INTO JURUSAN (ID_FAKULTAS,ID_JURUSAN,NAMA_JURUSAN) VALUES ( 'FRI', 'SIINT','S1 SISTEM INFORMASI INTERNASIONAL' );
INSERT INTO JURUSAN (ID_FAKULTAS,ID_JURUSAN,NAMA_JURUSAN) VALUES ( 'FRI', 'SI','S1 SISTEM INFORMASI' );
INSERT INTO JURUSAN (ID_FAKULTAS,ID_JURUSAN,NAMA_JURUSAN) VALUES ( 'FRI', 'TL','S1 TEKNIK LOGISTIK' );
INSERT INTO JURUSAN (ID_FAKULTAS,ID_JURUSAN,NAMA_JURUSAN) VALUES ( 'FRI', 'TIN','S2 TEKNIK INDUSTRI' );
INSERT INTO JURUSAN (ID_FAKULTAS,ID_JURUSAN,NAMA_JURUSAN) VALUES ( 'FEB', 'IIB','S1 INTERNASIONAL ICT BUSINESS' );
INSERT INTO JURUSAN (ID_FAKULTAS,ID_JURUSAN,NAMA_JURUSAN) VALUES ( 'FEB', 'MBTI','S1 MBTI' );
INSERT INTO JURUSAN (ID_FAKULTAS,ID_JURUSAN,NAMA_JURUSAN) VALUES ( 'FEB', 'AK','S1 AKUTANSI' );
INSERT INTO JURUSAN (ID_FAKULTAS,ID_JURUSAN,NAMA_JURUSAN) VALUES ( 'FEB', 'MNJ','S1 MANAJEMEN' );
INSERT INTO JURUSAN (ID_FAKULTAS,ID_JURUSAN,NAMA_JURUSAN) VALUES ( 'FKB', 'ABINT','S1 ADMINISTRASI BISNIS INTERNASIONAL' );
INSERT INTO JURUSAN (ID_FAKULTAS,ID_JURUSAN,NAMA_JURUSAN) VALUES ( 'FKB', 'AB','S1 ADMINISTRASI BISNIS' );
INSERT INTO JURUSAN (ID_FAKULTAS,ID_JURUSAN,NAMA_JURUSAN) VALUES ( 'FKB', 'IL','S1 ILMU KOMUNIKASI' );
INSERT INTO JURUSAN (ID_FAKULTAS,ID_JURUSAN,NAMA_JURUSAN) VALUES ( 'FKB', 'ILINT','S1 ILMU KOMUNIKASI INTERNASIONAL' );
INSERT INTO JURUSAN (ID_FAKULTAS,ID_JURUSAN,NAMA_JURUSAN) VALUES ( 'FKB', 'DPR','S1 DIGITAL PUBLIC RELATION' );
INSERT INTO JURUSAN (ID_FAKULTAS,ID_JURUSAN,NAMA_JURUSAN) VALUES ( 'FIK', 'DKV','S1 DESAIN KOMUNIKASI VISUAL' );
INSERT INTO JURUSAN (ID_FAKULTAS,ID_JURUSAN,NAMA_JURUSAN) VALUES ( 'FIK', 'DKVINT','S1 DESAIN KOMUNIKASI VISUAL INTERNASIONAL' );
INSERT INTO JURUSAN (ID_FAKULTAS,ID_JURUSAN,NAMA_JURUSAN) VALUES ( 'FIK', 'ID','S1 INDUSTRIAL DESIGN' );
INSERT INTO JURUSAN (ID_FAKULTAS,ID_JURUSAN,NAMA_JURUSAN) VALUES ( 'FIK', 'DP','S1 DESAIN PRODUK' );
INSERT INTO JURUSAN (ID_FAKULTAS,ID_JURUSAN,NAMA_JURUSAN) VALUES ( 'FIK', 'DI','S1 DESAIN INTERIOR' );
INSERT INTO JURUSAN (ID_FAKULTAS,ID_JURUSAN,NAMA_JURUSAN) VALUES ( 'FIK', 'KRI','S1 KRIYAS' );
INSERT INTO JURUSAN (ID_FAKULTAS,ID_JURUSAN,NAMA_JURUSAN) VALUES ( 'FIK', 'CA','S1 CREATIVE ARTS' );
INSERT INTO JURUSAN (ID_FAKULTAS,ID_JURUSAN,NAMA_JURUSAN) VALUES ( 'FIT', 'D3TT','D3 TEKNIK TELEKOMUNIKASI' );
INSERT INTO JURUSAN (ID_FAKULTAS,ID_JURUSAN,NAMA_JURUSAN) VALUES ( 'FIT', 'D3RPL','D3 REKAYASA PERANGKAT LUNAK APLIKASI' );
INSERT INTO JURUSAN (ID_FAKULTAS,ID_JURUSAN,NAMA_JURUSAN) VALUES ( 'FIT', 'D3IF','D3 TEKNIK INFORMATIKA' );
INSERT INTO JURUSAN (ID_FAKULTAS,ID_JURUSAN,NAMA_JURUSAN) VALUES ( 'FIT', 'D3MIF','D3 MANAJEMEN INFORMATIKA' );
INSERT INTO JURUSAN (ID_FAKULTAS,ID_JURUSAN,NAMA_JURUSAN) VALUES ( 'FIT', 'D3SI','D3 SISTEM INFORMASI' );
INSERT INTO JURUSAN (ID_FAKULTAS,ID_JURUSAN,NAMA_JURUSAN) VALUES ( 'FIT', 'D3SIA','D3 SISTEM INFORMASI AKUTANSI' );
INSERT INTO JURUSAN (ID_FAKULTAS,ID_JURUSAN,NAMA_JURUSAN) VALUES ( 'FIT', 'D3KA','D3 KOMPUTERISASI AKUTANSI' );
INSERT INTO JURUSAN (ID_FAKULTAS,ID_JURUSAN,NAMA_JURUSAN) VALUES ( 'FIT', 'D3TK','D3 TEKNOLOGI KOMPUTER' );
INSERT INTO JURUSAN (ID_FAKULTAS,ID_JURUSAN,NAMA_JURUSAN) VALUES ( 'FIT', 'D3TEK','D3 TEKNIK KOMPUTER' );
INSERT INTO JURUSAN (ID_FAKULTAS,ID_JURUSAN,NAMA_JURUSAN) VALUES ( 'FIT', 'D3MP','D3 MANAJEMEN PEMASARAN' );
INSERT INTO JURUSAN (ID_FAKULTAS,ID_JURUSAN,NAMA_JURUSAN) VALUES ( 'FIT', 'D3PHT','D3 PERHOTELAN' );
INSERT INTO JURUSAN (ID_FAKULTAS,ID_JURUSAN,NAMA_JURUSAN) VALUES ( 'FIT', 'TTRM','S1 TERAPAN TEKNOLOGI REKAYASA MULTIMEDIA' );
INSERT INTO JURUSAN (ID_FAKULTAS,ID_JURUSAN,NAMA_JURUSAN) VALUES ( 'FIT', 'TSM','S1 TERAPAN SISTEM MULTIMEDIA' );

INSERT INTO KEMAHASISWAAN (NIP,NAMA) VALUES ( '1301180138', 'Victoria Wibisono' );
INSERT INTO KEMAHASISWAAN (NIP,NAMA) VALUES ( '1301180139', 'Panji Maulana' );
INSERT INTO KEMAHASISWAAN (NIP,NAMA) VALUES ( '1301180140', 'Rendy Widodo' );
INSERT INTO KEMAHASISWAAN (NIP,NAMA) VALUES ( '1301180141', 'Iriana Usada' );
INSERT INTO KEMAHASISWAAN (NIP,NAMA) VALUES ( '1301180142', 'Warsa Setiawan' );
INSERT INTO KEMAHASISWAAN (NIP,NAMA) VALUES ( '1301180143', 'Kunthara Nababan' );
INSERT INTO KEMAHASISWAAN (NIP,NAMA) VALUES ( '1301180144', 'Wulan Padmasari' );
INSERT INTO KEMAHASISWAAN (NIP,NAMA) VALUES ( '1301180145', 'Titi Oktaviani' );
INSERT INTO KEMAHASISWAAN (NIP,NAMA) VALUES ( '1301180146', 'Tirta Widiastuti' );
INSERT INTO KEMAHASISWAAN (NIP,NAMA) VALUES ( '1301180147', 'Adikara Wastuti' );
INSERT INTO KEMAHASISWAAN (NIP,NAMA) VALUES ( '1301180148', 'Rina Puspita' );
INSERT INTO KEMAHASISWAAN (NIP,NAMA) VALUES ( '1301180149', 'Yulia Zulkarnain' );
INSERT INTO KEMAHASISWAAN (NIP,NAMA) VALUES ( '1301180150', 'Ciaobella Farida' );
INSERT INTO KEMAHASISWAAN (NIP,NAMA) VALUES ( '1301180151', 'Nadia Padmasari' );
INSERT INTO KEMAHASISWAAN (NIP,NAMA) VALUES ( '1301180152', 'Bakianto Yolanda' );
INSERT INTO KEMAHASISWAAN (NIP,NAMA) VALUES ( '1301180153', 'Amalia Kuswandari' );
INSERT INTO KEMAHASISWAAN (NIP,NAMA) VALUES ( '1301180154', 'Purwadi Suartini' );
INSERT INTO KEMAHASISWAAN (NIP,NAMA) VALUES ( '1301180155', 'Lalita Thamrin' );
INSERT INTO KEMAHASISWAAN (NIP,NAMA) VALUES ( '1301180156', 'Caraka Mahendra' );
INSERT INTO KEMAHASISWAAN (NIP,NAMA) VALUES ( '1301180157', 'Kiandra Laksita' );

INSERT INTO MAHASISWA (NAMA,NIM,TGL_LAHIR,EMAIL,NO_HP,ALAMAT,ID_JURUSAN) VALUES ( 'Raymond Kelly', '1301180358', '29-07-1999', 'RaymondKelly@gmail.com', '0899555522', 'cirebon','IF' );
INSERT INTO MAHASISWA (NAMA,NIM,TGL_LAHIR,EMAIL,NO_HP,ALAMAT,ID_JURUSAN) VALUES ( 'Earl Nelson', '1301180359', '01-09-2000', 'EarlNelson@gmail.com', '0878555406', 'palembang','IF' );
INSERT INTO MAHASISWA (NAMA,NIM,TGL_LAHIR,EMAIL,NO_HP,ALAMAT,ID_JURUSAN) VALUES ( 'Nicholas Jenkins', '1301180360', '20-09-2000', 'NicholasJenkins@gmail.com', '0814555182', 'bandung','IF' );
INSERT INTO MAHASISWA (NAMA,NIM,TGL_LAHIR,EMAIL,NO_HP,ALAMAT,ID_JURUSAN) VALUES ( 'Marilyn Moore', '1301180361', '15-11-1999', 'MarilynMoore@gmail.com', '0899555845', 'bandung','IF' );
INSERT INTO MAHASISWA (NAMA,NIM,TGL_LAHIR,EMAIL,NO_HP,ALAMAT,ID_JURUSAN) VALUES ( 'Cynthia Martinez', '1301180362', '22-07-1999', 'CynthiaMartinez@gmail.com', '0855555941', 'bandung','IF' );
INSERT INTO MAHASISWA (NAMA,NIM,TGL_LAHIR,EMAIL,NO_HP,ALAMAT,ID_JURUSAN) VALUES ( 'Angela Watson', '1301180363', '26-08-2000', 'AngelaWatson@gmail.com', '0878555869', 'jakarta','IF' );
INSERT INTO MAHASISWA (NAMA,NIM,TGL_LAHIR,EMAIL,NO_HP,ALAMAT,ID_JURUSAN) VALUES ( 'Ashley Foster', '1301180364', '19-01-1999', 'AshleyFoster@gmail.com', '0816555434', 'lampung','IF' );
INSERT INTO MAHASISWA (NAMA,NIM,TGL_LAHIR,EMAIL,NO_HP,ALAMAT,ID_JURUSAN) VALUES ( 'Scott Hughes', '1301180365', '06-12-2000', 'ScottHughes@gmail.com', '0859555535', 'bogor','IF' );
INSERT INTO MAHASISWA (NAMA,NIM,TGL_LAHIR,EMAIL,NO_HP,ALAMAT,ID_JURUSAN) VALUES ( 'Steven Reed', '1301180366', '25-12-1999', 'StevenReed@gmail.com', '0813555753', 'jakarta','IF' );
INSERT INTO MAHASISWA (NAMA,NIM,TGL_LAHIR,EMAIL,NO_HP,ALAMAT,ID_JURUSAN) VALUES ( 'Michelle Clark', '1301184061', '08-05-1999', 'MichelleClark@gmail.com', '0819555524', 'papua','IF' );
INSERT INTO MAHASISWA (NAMA,NIM,TGL_LAHIR,EMAIL,NO_HP,ALAMAT,ID_JURUSAN) VALUES ( 'Thomas Alexander', '1301184062', '15-06-1999', 'ThomasAlexander@gmail.com', '0857555894', 'jombang','IF' );
INSERT INTO MAHASISWA (NAMA,NIM,TGL_LAHIR,EMAIL,NO_HP,ALAMAT,ID_JURUSAN) VALUES ( 'Melissa Richardson', '1301184063', '29-03-1999', 'MelissaRichardson@gmail.com', '0814555320', 'indramayu','IF' );
INSERT INTO MAHASISWA (NAMA,NIM,TGL_LAHIR,EMAIL,NO_HP,ALAMAT,ID_JURUSAN) VALUES ( 'Stephanie Gray', '1301184064', '30-04-1999', 'StephanieGray@gmail.com', '0838555346', 'majalengka','IF' );
INSERT INTO MAHASISWA (NAMA,NIM,TGL_LAHIR,EMAIL,NO_HP,ALAMAT,ID_JURUSAN) VALUES ( 'Louise Jones', '1301184065', '23-06-1999', 'LouiseJones@gmail.com', '0898555288', 'surabaya','IF' );
INSERT INTO MAHASISWA (NAMA,NIM,TGL_LAHIR,EMAIL,NO_HP,ALAMAT,ID_JURUSAN) VALUES ( 'Cheryl Coleman', '1301184066', '14-01-1999', 'CherylColeman@gmail.com', '0816555505', 'surabaya','IF' );
INSERT INTO MAHASISWA (NAMA,NIM,TGL_LAHIR,EMAIL,NO_HP,ALAMAT,ID_JURUSAN) VALUES ( 'Roger Adams', '1301184067', '10-10-2000', 'RogerAdams@gmail.com', '0838555632', 'jakarta','IF' );
INSERT INTO MAHASISWA (NAMA,NIM,TGL_LAHIR,EMAIL,NO_HP,ALAMAT,ID_JURUSAN) VALUES ( 'Pamela Taylor', '1301184068', '01-08-2000', 'PamelaTaylor@gmail.com', '0855555764', 'cimahi','IF' );
INSERT INTO MAHASISWA (NAMA,NIM,TGL_LAHIR,EMAIL,NO_HP,ALAMAT,ID_JURUSAN) VALUES ( 'Carol Powell', '1301184069', '10-08-2000', 'CarolPowell@gmail.com', '0838555334', 'bandung','IF' );
INSERT INTO MAHASISWA (NAMA,NIM,TGL_LAHIR,EMAIL,NO_HP,ALAMAT,ID_JURUSAN) VALUES ( 'Jack Patterson', '1301184070', '03-01-2000', 'JackPatterson@gmail.com', '0857555685', 'bogor','IF' );
INSERT INTO MAHASISWA (NAMA,NIM,TGL_LAHIR,EMAIL,NO_HP,ALAMAT,ID_JURUSAN) VALUES ( 'Amy Johnson', '1301184071', '13-12-2000', 'AmyJohnson@gmail.com', '0899555644', 'bandung','IF' );
INSERT INTO MAHASISWA (NAMA,NIM,TGL_LAHIR,EMAIL,NO_HP,ALAMAT,ID_JURUSAN) VALUES ( 'Bruce Morris', '1202108001', '19-08-2000', 'BruceMorris@gmail.com', '0838555677', 'bogor','TI' );
INSERT INTO MAHASISWA (NAMA,NIM,TGL_LAHIR,EMAIL,NO_HP,ALAMAT,ID_JURUSAN) VALUES ( 'Diana Brooks', '1202108002', '21-08-2000', 'DianaBrooks@gmail.com', '0819555655', 'papua','TI' );
INSERT INTO MAHASISWA (NAMA,NIM,TGL_LAHIR,EMAIL,NO_HP,ALAMAT,ID_JURUSAN) VALUES ( 'Christina Allen', '1202108003', '10-05-1999', 'ChristinaAllen@gmail.com', '0838555484', 'kuningan','TI' );
INSERT INTO MAHASISWA (NAMA,NIM,TGL_LAHIR,EMAIL,NO_HP,ALAMAT,ID_JURUSAN) VALUES ( 'Deborah White', '1202108004', '25-02-2000', 'DeborahWhite@gmail.com', '0838555643', 'yogyakarta','TI' );
INSERT INTO MAHASISWA (NAMA,NIM,TGL_LAHIR,EMAIL,NO_HP,ALAMAT,ID_JURUSAN) VALUES ( 'Rachel Robinson', '1202108005', '03-08-1999', 'RachelRobinson@gmail.com', '0838555218', 'solo','TI' );
INSERT INTO MAHASISWA (NAMA,NIM,TGL_LAHIR,EMAIL,NO_HP,ALAMAT,ID_JURUSAN) VALUES ( 'Arthur Lee', '1202108006', '13-07-2000', 'ArthurLee@gmail.com', '0878555620', 'solo','TI' );
INSERT INTO MAHASISWA (NAMA,NIM,TGL_LAHIR,EMAIL,NO_HP,ALAMAT,ID_JURUSAN) VALUES ( 'Sara Rivera', '1202108007', '15-01-1999', 'SaraRivera@gmail.com', '0852555452', 'jakarta','TI' );
INSERT INTO MAHASISWA (NAMA,NIM,TGL_LAHIR,EMAIL,NO_HP,ALAMAT,ID_JURUSAN) VALUES ( 'Terry Martin', '1202108008', '22-09-1999', 'TerryMartin@gmail.com', '0838555380', 'padang','TI' );
INSERT INTO MAHASISWA (NAMA,NIM,TGL_LAHIR,EMAIL,NO_HP,ALAMAT,ID_JURUSAN) VALUES ( 'Todd Lewis', '1202108009', '15-08-1999', 'ToddLewis@gmail.com', '0852555479', 'aceh','TI' );
INSERT INTO MAHASISWA (NAMA,NIM,TGL_LAHIR,EMAIL,NO_HP,ALAMAT,ID_JURUSAN) VALUES ( 'Martha Griffin', '1202108010', '20-12-2000', 'MarthaGriffin@gmail.com', '0899555893', 'bali','TI' );
INSERT INTO MAHASISWA (NAMA,NIM,TGL_LAHIR,EMAIL,NO_HP,ALAMAT,ID_JURUSAN) VALUES ( 'Denise Scott', '1202108011', '10-10-1999', 'DeniseScott@gmail.com', '0896555612', 'bali','TI' );
INSERT INTO MAHASISWA (NAMA,NIM,TGL_LAHIR,EMAIL,NO_HP,ALAMAT,ID_JURUSAN) VALUES ( 'Elizabeth Diaz', '1106817181', '26-01-1999', 'ElizabethDiaz@gmail.com', '0817555561', 'medan','SI' );
INSERT INTO MAHASISWA (NAMA,NIM,TGL_LAHIR,EMAIL,NO_HP,ALAMAT,ID_JURUSAN) VALUES ( 'Annie Bailey', '1106817182', '29-08-1999', 'AnnieBailey@gmail.com', '0838555117', 'padang','SI' );
INSERT INTO MAHASISWA (NAMA,NIM,TGL_LAHIR,EMAIL,NO_HP,ALAMAT,ID_JURUSAN) VALUES ( 'Mary Miller', '1106817183', '29-07-2000', 'MaryMiller@gmail.com', '0817555037', 'batam','SI' );
INSERT INTO MAHASISWA (NAMA,NIM,TGL_LAHIR,EMAIL,NO_HP,ALAMAT,ID_JURUSAN) VALUES ( 'Phillip James', '1106817184', '10-12-1999', 'PhillipJames@gmail.com', '0815555518', 'balikpapan','SI' );
INSERT INTO MAHASISWA (NAMA,NIM,TGL_LAHIR,EMAIL,NO_HP,ALAMAT,ID_JURUSAN) VALUES ( 'Sharon Parker', '1106817185', '14-06-2000', 'SharonParker@gmail.com', '0878555746', 'pontianak','SI' );
INSERT INTO MAHASISWA (NAMA,NIM,TGL_LAHIR,EMAIL,NO_HP,ALAMAT,ID_JURUSAN) VALUES ( 'Jose Roberts', '1106817186', '31-07-2000', 'JoseRoberts@gmail.com', '0897555200', 'banjarmasin','SI' );
INSERT INTO MAHASISWA (NAMA,NIM,TGL_LAHIR,EMAIL,NO_HP,ALAMAT,ID_JURUSAN) VALUES ( 'Lori Hernandez', '1106817187', '22-11-2000', 'LoriHernandez@gmail.com', '0896555932', 'aceh','SI' );
INSERT INTO MAHASISWA (NAMA,NIM,TGL_LAHIR,EMAIL,NO_HP,ALAMAT,ID_JURUSAN) VALUES ( 'Edward Williams', '1106817188', '11-11-2000', 'EdwardWilliams@gmail.com', '0811555946', 'jakarta','SI' );
INSERT INTO MAHASISWA (NAMA,NIM,TGL_LAHIR,EMAIL,NO_HP,ALAMAT,ID_JURUSAN) VALUES ( 'Ann Rogers', '1106817189', '19-10-2000', 'AnnRogers@gmail.com', '0838555931', 'lombok','SI' );

INSERT INTO JABATAN (ID_JABATAN,NAMA_JABATAN,GAJI) VALUES ( 'KHD','KORDINATOR HELPDESK',5000000 );
INSERT INTO JABATAN (ID_JABATAN,NAMA_JABATAN,GAJI) VALUES ( 'HD','HELPDESK',3500000 );
INSERT INTO JABATAN (ID_JABATAN,NAMA_JABATAN,GAJI) VALUES ( 'STM','SATPAM',3000000 );
INSERT INTO JABATAN (ID_JABATAN,NAMA_JABATAN,GAJI) VALUES ( 'CS','CLEANING SERVICE',2000000 );
INSERT INTO JABATAN (ID_JABATAN,NAMA_JABATAN,GAJI) VALUES ( 'TK','TUKANG KEBUN',2000000 );
INSERT INTO JABATAN (ID_JABATAN,NAMA_JABATAN,GAJI) VALUES ( 'SB','SERVICE BOY',2000000 );

INSERT INTO CHECKOUT (NIM,TGL_CHECKOUT) VALUES ( '1301180358', '20-05-2020' );
INSERT INTO CHECKOUT (NIM,TGL_CHECKOUT) VALUES ( '1301180359', '21-05-2020' );
INSERT INTO CHECKOUT (NIM,TGL_CHECKOUT) VALUES ( '1301180360', '22-05-2020' );
INSERT INTO CHECKOUT (NIM,TGL_CHECKOUT) VALUES ( '1301180361', '21-05-2020' );
INSERT INTO CHECKOUT (NIM,TGL_CHECKOUT) VALUES ( '1301180362', '20-05-2020' );
INSERT INTO CHECKOUT (NIM,TGL_CHECKOUT) VALUES ( '1301180363', '23-05-2020' );
INSERT INTO CHECKOUT (NIM,TGL_CHECKOUT) VALUES ( '1301180364', '21-05-2020' );
INSERT INTO CHECKOUT (NIM,TGL_CHECKOUT) VALUES ( '1301180365', '21-05-2020' );
INSERT INTO CHECKOUT (NIM,TGL_CHECKOUT) VALUES ( '1301180366', '23-05-2020' );
INSERT INTO CHECKOUT (NIM,TGL_CHECKOUT) VALUES ( '1301184061', '20-05-2020' );
INSERT INTO CHECKOUT (NIM,TGL_CHECKOUT) VALUES ( '1301184062', '22-05-2020' );
INSERT INTO CHECKOUT (NIM,TGL_CHECKOUT) VALUES ( '1301184063', '23-05-2020' );
INSERT INTO CHECKOUT (NIM,TGL_CHECKOUT) VALUES ( '1301184064', '21-05-2020' );
INSERT INTO CHECKOUT (NIM,TGL_CHECKOUT) VALUES ( '1301184065', '20-05-2020' );
INSERT INTO CHECKOUT (NIM,TGL_CHECKOUT) VALUES ( '1301184066', '21-05-2020' );
INSERT INTO CHECKOUT (NIM,TGL_CHECKOUT) VALUES ( '1301184067', '23-05-2020' );
INSERT INTO CHECKOUT (NIM,TGL_CHECKOUT) VALUES ( '1301184068', '20-05-2020' );
INSERT INTO CHECKOUT (NIM,TGL_CHECKOUT) VALUES ( '1301184069', '22-05-2020' );
INSERT INTO CHECKOUT (NIM,TGL_CHECKOUT) VALUES ( '1301184070', '21-05-2020' );
INSERT INTO CHECKOUT (NIM,TGL_CHECKOUT) VALUES ( '1301184071', '20-05-2020' );
INSERT INTO CHECKOUT (NIM,TGL_CHECKOUT) VALUES ( '1202108001', '23-05-2020' );
INSERT INTO CHECKOUT (NIM,TGL_CHECKOUT) VALUES ( '1202108002', '21-05-2020' );
INSERT INTO CHECKOUT (NIM,TGL_CHECKOUT) VALUES ( '1202108003', '23-05-2020' );
INSERT INTO CHECKOUT (NIM,TGL_CHECKOUT) VALUES ( '1202108004', '23-05-2020' );
INSERT INTO CHECKOUT (NIM,TGL_CHECKOUT) VALUES ( '1202108005', '21-05-2020' );
INSERT INTO CHECKOUT (NIM,TGL_CHECKOUT) VALUES ( '1202108006', '20-05-2020' );
INSERT INTO CHECKOUT (NIM,TGL_CHECKOUT) VALUES ( '1202108007', '22-05-2020' );
INSERT INTO CHECKOUT (NIM,TGL_CHECKOUT) VALUES ( '1202108008', '21-05-2020' );
INSERT INTO CHECKOUT (NIM,TGL_CHECKOUT) VALUES ( '1202108009', '22-05-2020' );
INSERT INTO CHECKOUT (NIM,TGL_CHECKOUT) VALUES ( '1202108010', '23-05-2020' );
INSERT INTO CHECKOUT (NIM,TGL_CHECKOUT) VALUES ( '1202108011', '21-05-2020' );
INSERT INTO CHECKOUT (NIM,TGL_CHECKOUT) VALUES ( '1106817181', '20-05-2020' );
INSERT INTO CHECKOUT (NIM,TGL_CHECKOUT) VALUES ( '1106817182', '23-05-2020' );
INSERT INTO CHECKOUT (NIM,TGL_CHECKOUT) VALUES ( '1106817183', '21-05-2020' );
INSERT INTO CHECKOUT (NIM,TGL_CHECKOUT) VALUES ( '1106817184', '20-05-2020' );
INSERT INTO CHECKOUT (NIM,TGL_CHECKOUT) VALUES ( '1106817185', '22-05-2020' );
INSERT INTO CHECKOUT (NIM,TGL_CHECKOUT) VALUES ( '1106817186', '20-05-2020' );
INSERT INTO CHECKOUT (NIM,TGL_CHECKOUT) VALUES ( '1106817187', '21-05-2020' );
INSERT INTO CHECKOUT (NIM,TGL_CHECKOUT) VALUES ( '1106817188', '22-05-2020' );
INSERT INTO CHECKOUT (NIM,TGL_CHECKOUT) VALUES ( '1106817189', '21-05-2020' );

INSERT INTO PELANGGARAN (ID_PELANGGARAN,TGL_PELANGGARAN,JENIS_PELANGGARAN,KETERANGAN,NIM,NIP) VALUES ( 'IP006', '04-08-2019', 'SEDANG', 'SP2', '1301184061', '1301180140' );
INSERT INTO PELANGGARAN (ID_PELANGGARAN,TGL_PELANGGARAN,JENIS_PELANGGARAN,KETERANGAN,NIM,NIP) VALUES ( 'IP013', '05-09-2019', 'RINGAN', 'SP1', '1202108004', '1301180154' );
INSERT INTO PELANGGARAN (ID_PELANGGARAN,TGL_PELANGGARAN,JENIS_PELANGGARAN,KETERANGAN,NIM,NIP) VALUES ( 'IP012', '07-09-2019', 'SEDANG', 'SP2', '1106817181', '1301180139' );
INSERT INTO PELANGGARAN (ID_PELANGGARAN,TGL_PELANGGARAN,JENIS_PELANGGARAN,KETERANGAN,NIM,NIP) VALUES ( 'IP016', '22-09-2019', 'RINGAN', 'SP1', '1106817185', '1301180153' );
INSERT INTO PELANGGARAN (ID_PELANGGARAN,TGL_PELANGGARAN,JENIS_PELANGGARAN,KETERANGAN,NIM,NIP) VALUES ( 'IP002', '25-09-2019', 'RINGAN', 'SP1', '1301180358', '1301180140' );
INSERT INTO PELANGGARAN (ID_PELANGGARAN,TGL_PELANGGARAN,JENIS_PELANGGARAN,KETERANGAN,NIM,NIP) VALUES ( 'IP009', '17-10-2019', 'SEDANG', 'SP2', '1301184067', '1301180156' );
INSERT INTO PELANGGARAN (ID_PELANGGARAN,TGL_PELANGGARAN,JENIS_PELANGGARAN,KETERANGAN,NIM,NIP) VALUES ( 'IP001', '21-10-2019', 'RINGAN', 'SP2', '1202108004', '1301180154' );
INSERT INTO PELANGGARAN (ID_PELANGGARAN,TGL_PELANGGARAN,JENIS_PELANGGARAN,KETERANGAN,NIM,NIP) VALUES ( 'IP011', '01-11-2019', 'SEDANG', 'SP2', '1202108010', '1301180153' );
INSERT INTO PELANGGARAN (ID_PELANGGARAN,TGL_PELANGGARAN,JENIS_PELANGGARAN,KETERANGAN,NIM,NIP) VALUES ( 'IP019', '05-11-2019', 'SEDANG', 'SP2', '1301180363', '1301180156' );
INSERT INTO PELANGGARAN (ID_PELANGGARAN,TGL_PELANGGARAN,JENIS_PELANGGARAN,KETERANGAN,NIM,NIP) VALUES ( 'IP014', '16-11-2019', 'BERAT', 'SP3', '1301184066', '1301180140' );
INSERT INTO PELANGGARAN (ID_PELANGGARAN,TGL_PELANGGARAN,JENIS_PELANGGARAN,KETERANGAN,NIM,NIP) VALUES ( 'IP008', '11-12-2019', 'RINGAN', 'SP1', '1301180365', '1301180139' );
INSERT INTO PELANGGARAN (ID_PELANGGARAN,TGL_PELANGGARAN,JENIS_PELANGGARAN,KETERANGAN,NIM,NIP) VALUES ( 'IP003', '12-12-2019', 'RINGAN', 'SP1', '1106817189', '1301180151' );
INSERT INTO PELANGGARAN (ID_PELANGGARAN,TGL_PELANGGARAN,JENIS_PELANGGARAN,KETERANGAN,NIM,NIP) VALUES ( 'IP015', '03-01-2020', 'RINGAN', 'SP1', '1301184071', '1301180148' );
INSERT INTO PELANGGARAN (ID_PELANGGARAN,TGL_PELANGGARAN,JENIS_PELANGGARAN,KETERANGAN,NIM,NIP) VALUES ( 'IP007', '15-01-2020', 'RINGAN', 'SP1', '1202108006', '1301180153' );
INSERT INTO PELANGGARAN (ID_PELANGGARAN,TGL_PELANGGARAN,JENIS_PELANGGARAN,KETERANGAN,NIM,NIP) VALUES ( 'IP018', '19-01-2020', 'SEDANG', 'SP2', '1202108011', '1301180148' );
INSERT INTO PELANGGARAN (ID_PELANGGARAN,TGL_PELANGGARAN,JENIS_PELANGGARAN,KETERANGAN,NIM,NIP) VALUES ( 'IP004', '20-01-2020', 'SEDANG', 'SP3', '1106817189', '1301180145' );
INSERT INTO PELANGGARAN (ID_PELANGGARAN,TGL_PELANGGARAN,JENIS_PELANGGARAN,KETERANGAN,NIM,NIP) VALUES ( 'IP020', '11-02-2020', 'RINGAN', 'SP2', '1301180365', '1301180151' );
INSERT INTO PELANGGARAN (ID_PELANGGARAN,TGL_PELANGGARAN,JENIS_PELANGGARAN,KETERANGAN,NIM,NIP) VALUES ( 'IP005', '15-02-2020', 'BERAT', 'SP3', '1202108006', '1301180151' );
INSERT INTO PELANGGARAN (ID_PELANGGARAN,TGL_PELANGGARAN,JENIS_PELANGGARAN,KETERANGAN,NIM,NIP) VALUES ( 'IP017', '18-02-2020', 'SEDANG', 'SP2', '1202108002', '1301180153' );
INSERT INTO PELANGGARAN (ID_PELANGGARAN,TGL_PELANGGARAN,JENIS_PELANGGARAN,KETERANGAN,NIM,NIP) VALUES ( 'IP010', '10-03-2020', 'RINGAN', 'SP1', '1301184070', '1301180145' );